y_true,y_pred,y_prob_max,y_true_name,y_pred_name
0,42,0.4707643985748291,AtlanticSpottedDolphin,White_beakedDolphin
0,9,0.2983551621437073,AtlanticSpottedDolphin,DuskyDolphin
0,41,0.3579568564891815,AtlanticSpottedDolphin,WestIndianManatee
0,32,0.35426950454711914,AtlanticSpottedDolphin,Short_Finned(Pacific)PilotWhale
1,30,0.83881676197052,BeardedSeal,RossSeal
1,30,0.733177125453949,BeardedSeal,RossSeal
1,18,0.3720381259918213,BeardedSeal,HumpbackWhale
1,28,0.6359495520591736,BeardedSeal,RibbonSeal
1,28,0.559704065322876,BeardedSeal,RibbonSeal
1,5,0.5142624378204346,BeardedSeal,BowheadWhale
1,5,0.5003371834754944,BeardedSeal,BowheadWhale
1,5,0.4380004405975342,BeardedSeal,BowheadWhale
1,5,0.6271935105323792,BeardedSeal,BowheadWhale
1,5,0.5301730036735535,BeardedSeal,BowheadWhale
2,21,0.7908226251602173,Beluga_WhiteWhale,LongBeaked(Pacific)CommonDolphin
2,35,0.19116340577602386,Beluga_WhiteWhale,SpinnerDolphin
2,34,0.4235071539878845,Beluga_WhiteWhale,SpermWhale
2,7,0.2669677436351776,Beluga_WhiteWhale,CommonDolphin
2,34,0.3801502287387848,Beluga_WhiteWhale,SpermWhale
2,4,0.6461275815963745,Beluga_WhiteWhale,Boutu_AmazonRiverDolphin
2,26,0.2896253764629364,Beluga_WhiteWhale,NorthernRightWhale
2,19,0.453707218170166,Beluga_WhiteWhale,KillerWhale
2,31,0.36956995725631714,Beluga_WhiteWhale,Rough_ToothedDolphin
2,4,0.35520824790000916,Beluga_WhiteWhale,Boutu_AmazonRiverDolphin
2,40,0.2273647040128708,Beluga_WhiteWhale,WeddellSeal
2,1,0.4268040955066681,Beluga_WhiteWhale,BeardedSeal
3,12,0.25352567434310913,BottlenoseDolphin,Fraser_sDolphin
3,6,0.18512164056301117,BottlenoseDolphin,ClymeneDolphin
3,0,0.29181456565856934,BottlenoseDolphin,AtlanticSpottedDolphin
3,25,0.2622036337852478,BottlenoseDolphin,Narwhal
3,25,0.6734341979026794,BottlenoseDolphin,Narwhal
3,25,0.6340676546096802,BottlenoseDolphin,Narwhal
3,25,0.723807156085968,BottlenoseDolphin,Narwhal
5,1,0.6053100228309631,BowheadWhale,BeardedSeal
5,1,0.890377402305603,BowheadWhale,BeardedSeal
5,1,0.27116572856903076,BowheadWhale,BeardedSeal
5,1,0.702501118183136,BowheadWhale,BeardedSeal
5,1,0.9338215589523315,BowheadWhale,BeardedSeal
5,1,0.9776525497436523,BowheadWhale,BeardedSeal
5,1,0.8526208400726318,BowheadWhale,BeardedSeal
5,1,0.9032823443412781,BowheadWhale,BeardedSeal
5,18,0.30013784766197205,BowheadWhale,HumpbackWhale
5,1,0.5411878824234009,BowheadWhale,BeardedSeal
5,1,0.7411576509475708,BowheadWhale,BeardedSeal
5,1,0.6239822506904602,BowheadWhale,BeardedSeal
5,1,0.6606467962265015,BowheadWhale,BeardedSeal
5,1,0.4387253522872925,BowheadWhale,BeardedSeal
5,1,0.2532278895378113,BowheadWhale,BeardedSeal
5,1,0.4291327893733978,BowheadWhale,BeardedSeal
5,1,0.5297037363052368,BowheadWhale,BeardedSeal
5,1,0.5013396739959717,BowheadWhale,BeardedSeal
5,1,0.4973979890346527,BowheadWhale,BeardedSeal
5,1,0.5558269619941711,BowheadWhale,BeardedSeal
5,1,0.45407968759536743,BowheadWhale,BeardedSeal
5,1,0.5205649733543396,BowheadWhale,BeardedSeal
5,1,0.5467491149902344,BowheadWhale,BeardedSeal
5,1,0.4280794560909271,BowheadWhale,BeardedSeal
6,7,0.4381701350212097,ClymeneDolphin,CommonDolphin
6,22,0.5175222158432007,ClymeneDolphin,Long_FinnedPilotWhale
6,22,0.5574439167976379,ClymeneDolphin,Long_FinnedPilotWhale
6,22,0.8097386956214905,ClymeneDolphin,Long_FinnedPilotWhale
6,22,0.3940337002277374,ClymeneDolphin,Long_FinnedPilotWhale
6,22,0.41236838698387146,ClymeneDolphin,Long_FinnedPilotWhale
6,37,0.6913290023803711,ClymeneDolphin,StripedDolphin
6,4,0.7434964776039124,ClymeneDolphin,Boutu_AmazonRiverDolphin
6,37,0.6777244210243225,ClymeneDolphin,StripedDolphin
6,3,0.3771301805973053,ClymeneDolphin,BottlenoseDolphin
6,37,0.5598177909851074,ClymeneDolphin,StripedDolphin
6,37,0.46308013796806335,ClymeneDolphin,StripedDolphin
6,37,0.7643460631370544,ClymeneDolphin,StripedDolphin
6,7,0.2899395525455475,ClymeneDolphin,CommonDolphin
6,37,0.49104073643684387,ClymeneDolphin,StripedDolphin
6,2,0.19625920057296753,ClymeneDolphin,Beluga_WhiteWhale
6,7,0.30199089646339417,ClymeneDolphin,CommonDolphin
6,10,0.4609750807285309,ClymeneDolphin,FalseKillerWhale
6,2,0.2700311243534088,ClymeneDolphin,Beluga_WhiteWhale
7,15,0.21241658926010132,CommonDolphin,HarborPorpoise
7,2,0.3029992878437042,CommonDolphin,Beluga_WhiteWhale
7,23,0.30945101380348206,CommonDolphin,MelonHeadedWhale
7,23,0.3607703149318695,CommonDolphin,MelonHeadedWhale
7,25,0.13962087035179138,CommonDolphin,Narwhal
7,13,0.14087003469467163,CommonDolphin,Grampus_Risso_sDolphin
7,25,0.19385603070259094,CommonDolphin,Narwhal
7,29,0.1954224854707718,CommonDolphin,RingedSeal
7,3,0.5959092378616333,CommonDolphin,BottlenoseDolphin
7,3,0.2647775709629059,CommonDolphin,BottlenoseDolphin
7,25,0.37225180864334106,CommonDolphin,Narwhal
7,25,0.6132343411445618,CommonDolphin,Narwhal
7,37,0.8975925445556641,CommonDolphin,StripedDolphin
7,25,0.5029446482658386,CommonDolphin,Narwhal
7,37,0.3082728981971741,CommonDolphin,StripedDolphin
7,25,0.2615516483783722,CommonDolphin,Narwhal
7,37,0.7427725195884705,CommonDolphin,StripedDolphin
7,37,0.5128836035728455,CommonDolphin,StripedDolphin
7,37,0.7205644249916077,CommonDolphin,StripedDolphin
7,22,0.2364645153284073,CommonDolphin,Long_FinnedPilotWhale
7,37,0.5954080820083618,CommonDolphin,StripedDolphin
7,42,0.7641331553459167,CommonDolphin,White_beakedDolphin
7,37,0.7628557085990906,CommonDolphin,StripedDolphin
7,37,0.5104917287826538,CommonDolphin,StripedDolphin
7,37,0.49102917313575745,CommonDolphin,StripedDolphin
7,42,0.2124951034784317,CommonDolphin,White_beakedDolphin
7,13,0.3524479269981384,CommonDolphin,Grampus_Risso_sDolphin
7,13,0.35317009687423706,CommonDolphin,Grampus_Risso_sDolphin
7,34,0.6513347029685974,CommonDolphin,SpermWhale
8,42,0.43055468797683716,Dall_sPorpoise,White_beakedDolphin
10,13,0.43306246399879456,FalseKillerWhale,Grampus_Risso_sDolphin
10,7,0.31856414675712585,FalseKillerWhale,CommonDolphin
10,31,0.4451781213283539,FalseKillerWhale,Rough_ToothedDolphin
11,32,0.3303910791873932,Fin_FinbackWhale,Short_Finned(Pacific)PilotWhale
12,27,0.7024773359298706,Fraser_sDolphin,PantropicalSpottedDolphin
12,27,0.499499648809433,Fraser_sDolphin,PantropicalSpottedDolphin
12,37,0.17679397761821747,Fraser_sDolphin,StripedDolphin
12,22,0.5658872723579407,Fraser_sDolphin,Long_FinnedPilotWhale
12,37,0.7669278979301453,Fraser_sDolphin,StripedDolphin
12,37,0.23511268198490143,Fraser_sDolphin,StripedDolphin
12,32,0.30620917677879333,Fraser_sDolphin,Short_Finned(Pacific)PilotWhale
12,7,0.18713878095149994,Fraser_sDolphin,CommonDolphin
12,23,0.24694834649562836,Fraser_sDolphin,MelonHeadedWhale
13,2,0.24387529492378235,Grampus_Risso_sDolphin,Beluga_WhiteWhale
13,34,0.3540693521499634,Grampus_Risso_sDolphin,SpermWhale
13,2,0.40976646542549133,Grampus_Risso_sDolphin,Beluga_WhiteWhale
13,19,0.5318214297294617,Grampus_Risso_sDolphin,KillerWhale
13,19,0.4719831645488739,Grampus_Risso_sDolphin,KillerWhale
13,34,0.35462430119514465,Grampus_Risso_sDolphin,SpermWhale
13,3,0.2782823145389557,Grampus_Risso_sDolphin,BottlenoseDolphin
13,32,0.4796872138977051,Grampus_Risso_sDolphin,Short_Finned(Pacific)PilotWhale
13,12,0.4180409014225006,Grampus_Risso_sDolphin,Fraser_sDolphin
13,32,0.4520745277404785,Grampus_Risso_sDolphin,Short_Finned(Pacific)PilotWhale
13,3,0.47857505083084106,Grampus_Risso_sDolphin,BottlenoseDolphin
13,23,0.529960036277771,Grampus_Risso_sDolphin,MelonHeadedWhale
14,11,0.8946909308433533,GrayWhale,Fin_FinbackWhale
14,11,0.9105224609375,GrayWhale,Fin_FinbackWhale
14,11,0.8878019452095032,GrayWhale,Fin_FinbackWhale
15,41,0.48860856890678406,HarborPorpoise,WestIndianManatee
15,39,0.5247312188148499,HarborPorpoise,Walrus
15,18,0.24008437991142273,HarborPorpoise,HumpbackWhale
15,36,0.20787474513053894,HarborPorpoise,SpottedSeal
15,2,0.5507112741470337,HarborPorpoise,Beluga_WhiteWhale
16,26,0.3945380747318268,HarpSeal,NorthernRightWhale
16,28,0.2680598497390747,HarpSeal,RibbonSeal
16,26,0.26718148589134216,HarpSeal,NorthernRightWhale
17,1,0.4618837535381317,Heaviside_sDolphin,BeardedSeal
18,5,0.38691210746765137,HumpbackWhale,BowheadWhale
18,5,0.4729626774787903,HumpbackWhale,BowheadWhale
18,1,0.7299407720565796,HumpbackWhale,BeardedSeal
18,26,0.7429071664810181,HumpbackWhale,NorthernRightWhale
18,1,0.2238844484090805,HumpbackWhale,BeardedSeal
18,16,0.2308843433856964,HumpbackWhale,HarpSeal
18,1,0.34874966740608215,HumpbackWhale,BeardedSeal
18,5,0.31627389788627625,HumpbackWhale,BowheadWhale
18,1,0.479448527097702,HumpbackWhale,BeardedSeal
18,5,0.4886173903942108,HumpbackWhale,BowheadWhale
18,5,0.5200154781341553,HumpbackWhale,BowheadWhale
18,5,0.652768075466156,HumpbackWhale,BowheadWhale
18,1,0.31687772274017334,HumpbackWhale,BeardedSeal
18,39,0.24286110699176788,HumpbackWhale,Walrus
18,20,0.2623468339443207,HumpbackWhale,LeopardSeal
18,33,0.36672595143318176,HumpbackWhale,SouthernRightWhale
18,33,0.41334131360054016,HumpbackWhale,SouthernRightWhale
18,1,0.4877718687057495,HumpbackWhale,BeardedSeal
18,1,0.3524106740951538,HumpbackWhale,BeardedSeal
18,39,0.3432348668575287,HumpbackWhale,Walrus
18,16,0.21701553463935852,HumpbackWhale,HarpSeal
18,33,0.6114547848701477,HumpbackWhale,SouthernRightWhale
18,1,0.42704594135284424,HumpbackWhale,BeardedSeal
18,33,0.34140095114707947,HumpbackWhale,SouthernRightWhale
18,33,0.501866340637207,HumpbackWhale,SouthernRightWhale
18,33,0.4050173759460449,HumpbackWhale,SouthernRightWhale
18,20,0.6127680540084839,HumpbackWhale,LeopardSeal
18,33,0.5079231858253479,HumpbackWhale,SouthernRightWhale
18,26,0.3794790804386139,HumpbackWhale,NorthernRightWhale
18,26,0.23343341052532196,HumpbackWhale,NorthernRightWhale
18,26,0.23122479021549225,HumpbackWhale,NorthernRightWhale
18,5,0.4098130762577057,HumpbackWhale,BowheadWhale
18,16,0.25256335735321045,HumpbackWhale,HarpSeal
18,5,0.21451501548290253,HumpbackWhale,BowheadWhale
18,5,0.5477613806724548,HumpbackWhale,BowheadWhale
18,5,0.26886141300201416,HumpbackWhale,BowheadWhale
18,16,0.26908940076828003,HumpbackWhale,HarpSeal
18,5,0.2631622552871704,HumpbackWhale,BowheadWhale
18,16,0.3340240716934204,HumpbackWhale,HarpSeal
18,1,0.40617552399635315,HumpbackWhale,BeardedSeal
18,28,0.2589193284511566,HumpbackWhale,RibbonSeal
19,22,0.5248915553092957,KillerWhale,Long_FinnedPilotWhale
19,22,0.36282920837402344,KillerWhale,Long_FinnedPilotWhale
19,22,0.5377395153045654,KillerWhale,Long_FinnedPilotWhale
19,22,0.3727784752845764,KillerWhale,Long_FinnedPilotWhale
19,13,0.5354412198066711,KillerWhale,Grampus_Risso_sDolphin
19,22,0.4389924705028534,KillerWhale,Long_FinnedPilotWhale
19,2,0.27014055848121643,KillerWhale,Beluga_WhiteWhale
19,4,0.613063395023346,KillerWhale,Boutu_AmazonRiverDolphin
19,4,0.4362475275993347,KillerWhale,Boutu_AmazonRiverDolphin
19,4,0.725766658782959,KillerWhale,Boutu_AmazonRiverDolphin
19,40,0.5431014895439148,KillerWhale,WeddellSeal
19,4,0.9492078423500061,KillerWhale,Boutu_AmazonRiverDolphin
19,4,0.4805335998535156,KillerWhale,Boutu_AmazonRiverDolphin
19,28,0.3328295350074768,KillerWhale,RibbonSeal
19,2,0.19941446185112,KillerWhale,Beluga_WhiteWhale
19,28,0.2458377331495285,KillerWhale,RibbonSeal
19,39,0.49836888909339905,KillerWhale,Walrus
19,3,0.2482934147119522,KillerWhale,BottlenoseDolphin
19,32,0.6284727454185486,KillerWhale,Short_Finned(Pacific)PilotWhale
19,28,0.2337004393339157,KillerWhale,RibbonSeal
19,28,0.19478321075439453,KillerWhale,RibbonSeal
19,2,0.23066863417625427,KillerWhale,Beluga_WhiteWhale
19,21,0.19555538892745972,KillerWhale,LongBeaked(Pacific)CommonDolphin
19,25,0.6595101356506348,KillerWhale,Narwhal
20,1,0.4353349208831787,LeopardSeal,BeardedSeal
20,1,0.776001513004303,LeopardSeal,BeardedSeal
20,30,0.4317606985569,LeopardSeal,RossSeal
20,30,0.5635511875152588,LeopardSeal,RossSeal
20,30,0.8817856907844543,LeopardSeal,RossSeal
21,4,0.5706847310066223,LongBeaked(Pacific)CommonDolphin,Boutu_AmazonRiverDolphin
21,2,0.3478601276874542,LongBeaked(Pacific)CommonDolphin,Beluga_WhiteWhale
21,34,0.5225332975387573,LongBeaked(Pacific)CommonDolphin,SpermWhale
22,19,0.24520966410636902,Long_FinnedPilotWhale,KillerWhale
22,19,0.8339307904243469,Long_FinnedPilotWhale,KillerWhale
22,19,0.5691447854042053,Long_FinnedPilotWhale,KillerWhale
22,19,0.8695205450057983,Long_FinnedPilotWhale,KillerWhale
22,13,0.36443883180618286,Long_FinnedPilotWhale,Grampus_Risso_sDolphin
22,19,0.1730247437953949,Long_FinnedPilotWhale,KillerWhale
22,30,0.3484615385532379,Long_FinnedPilotWhale,RossSeal
22,19,0.6179137229919434,Long_FinnedPilotWhale,KillerWhale
22,34,0.6077818274497986,Long_FinnedPilotWhale,SpermWhale
22,4,0.8548556566238403,Long_FinnedPilotWhale,Boutu_AmazonRiverDolphin
22,4,0.7038910388946533,Long_FinnedPilotWhale,Boutu_AmazonRiverDolphin
22,13,0.4216839075088501,Long_FinnedPilotWhale,Grampus_Risso_sDolphin
22,4,0.4086134135723114,Long_FinnedPilotWhale,Boutu_AmazonRiverDolphin
22,4,0.7380734086036682,Long_FinnedPilotWhale,Boutu_AmazonRiverDolphin
22,13,0.2974291443824768,Long_FinnedPilotWhale,Grampus_Risso_sDolphin
22,13,0.4616566002368927,Long_FinnedPilotWhale,Grampus_Risso_sDolphin
22,34,0.43452826142311096,Long_FinnedPilotWhale,SpermWhale
22,13,0.4135906994342804,Long_FinnedPilotWhale,Grampus_Risso_sDolphin
22,37,0.2358212172985077,Long_FinnedPilotWhale,StripedDolphin
22,2,0.5099903345108032,Long_FinnedPilotWhale,Beluga_WhiteWhale
22,12,0.7109379172325134,Long_FinnedPilotWhale,Fraser_sDolphin
22,32,0.29460036754608154,Long_FinnedPilotWhale,Short_Finned(Pacific)PilotWhale
22,32,0.23023471236228943,Long_FinnedPilotWhale,Short_Finned(Pacific)PilotWhale
22,37,0.39914125204086304,Long_FinnedPilotWhale,StripedDolphin
22,12,0.40822160243988037,Long_FinnedPilotWhale,Fraser_sDolphin
22,37,0.30531612038612366,Long_FinnedPilotWhale,StripedDolphin
22,37,0.5849602818489075,Long_FinnedPilotWhale,StripedDolphin
22,37,0.30864375829696655,Long_FinnedPilotWhale,StripedDolphin
22,7,0.32428106665611267,Long_FinnedPilotWhale,CommonDolphin
22,37,0.45310625433921814,Long_FinnedPilotWhale,StripedDolphin
22,37,0.3381299376487732,Long_FinnedPilotWhale,StripedDolphin
22,37,0.6013171076774597,Long_FinnedPilotWhale,StripedDolphin
22,37,0.5176663398742676,Long_FinnedPilotWhale,StripedDolphin
22,34,0.43672651052474976,Long_FinnedPilotWhale,SpermWhale
22,32,0.4016890525817871,Long_FinnedPilotWhale,Short_Finned(Pacific)PilotWhale
22,32,0.41885560750961304,Long_FinnedPilotWhale,Short_Finned(Pacific)PilotWhale
22,32,0.3187021315097809,Long_FinnedPilotWhale,Short_Finned(Pacific)PilotWhale
22,12,0.6051723957061768,Long_FinnedPilotWhale,Fraser_sDolphin
22,37,0.5490545034408569,Long_FinnedPilotWhale,StripedDolphin
22,37,0.6586162447929382,Long_FinnedPilotWhale,StripedDolphin
22,37,0.8783278465270996,Long_FinnedPilotWhale,StripedDolphin
22,37,0.9598565697669983,Long_FinnedPilotWhale,StripedDolphin
22,6,0.39056316018104553,Long_FinnedPilotWhale,ClymeneDolphin
22,34,0.5809956192970276,Long_FinnedPilotWhale,SpermWhale
22,34,0.5442076325416565,Long_FinnedPilotWhale,SpermWhale
22,12,0.7758728861808777,Long_FinnedPilotWhale,Fraser_sDolphin
22,12,0.33533838391304016,Long_FinnedPilotWhale,Fraser_sDolphin
22,12,0.7337846755981445,Long_FinnedPilotWhale,Fraser_sDolphin
22,6,0.5830740928649902,Long_FinnedPilotWhale,ClymeneDolphin
22,37,0.7037961483001709,Long_FinnedPilotWhale,StripedDolphin
22,2,0.2617563009262085,Long_FinnedPilotWhale,Beluga_WhiteWhale
22,31,0.73579341173172,Long_FinnedPilotWhale,Rough_ToothedDolphin
22,3,0.2512325942516327,Long_FinnedPilotWhale,BottlenoseDolphin
22,32,0.2511955499649048,Long_FinnedPilotWhale,Short_Finned(Pacific)PilotWhale
22,34,0.5726877450942993,Long_FinnedPilotWhale,SpermWhale
22,37,0.41157227754592896,Long_FinnedPilotWhale,StripedDolphin
22,37,0.4421599805355072,Long_FinnedPilotWhale,StripedDolphin
22,25,0.3613443672657013,Long_FinnedPilotWhale,Narwhal
22,2,0.22715145349502563,Long_FinnedPilotWhale,Beluga_WhiteWhale
22,2,0.2611514925956726,Long_FinnedPilotWhale,Beluga_WhiteWhale
22,2,0.32563281059265137,Long_FinnedPilotWhale,Beluga_WhiteWhale
22,31,0.6509240865707397,Long_FinnedPilotWhale,Rough_ToothedDolphin
22,31,0.4315221607685089,Long_FinnedPilotWhale,Rough_ToothedDolphin
22,7,0.27741488814353943,Long_FinnedPilotWhale,CommonDolphin
23,12,0.34732967615127563,MelonHeadedWhale,Fraser_sDolphin
23,13,0.4307832717895508,MelonHeadedWhale,Grampus_Risso_sDolphin
23,35,0.3545146584510803,MelonHeadedWhale,SpinnerDolphin
25,13,0.2974003553390503,Narwhal,Grampus_Risso_sDolphin
26,1,0.5184822082519531,NorthernRightWhale,BeardedSeal
26,5,0.37749043107032776,NorthernRightWhale,BowheadWhale
26,5,0.39664411544799805,NorthernRightWhale,BowheadWhale
26,5,0.4005507230758667,NorthernRightWhale,BowheadWhale
26,5,0.5133874416351318,NorthernRightWhale,BowheadWhale
26,16,0.5057153701782227,NorthernRightWhale,HarpSeal
26,34,0.3848048150539398,NorthernRightWhale,SpermWhale
26,18,0.31069985032081604,NorthernRightWhale,HumpbackWhale
26,16,0.2698238492012024,NorthernRightWhale,HarpSeal
26,5,0.2740848958492279,NorthernRightWhale,BowheadWhale
26,16,0.5067546963691711,NorthernRightWhale,HarpSeal
26,5,0.35527536273002625,NorthernRightWhale,BowheadWhale
26,5,0.24769434332847595,NorthernRightWhale,BowheadWhale
26,5,0.6283466815948486,NorthernRightWhale,BowheadWhale
26,5,0.4081602692604065,NorthernRightWhale,BowheadWhale
26,5,0.335758775472641,NorthernRightWhale,BowheadWhale
26,5,0.6515831351280212,NorthernRightWhale,BowheadWhale
26,5,0.5432860255241394,NorthernRightWhale,BowheadWhale
26,16,0.4768432378768921,NorthernRightWhale,HarpSeal
26,24,0.45619773864746094,NorthernRightWhale,MinkeWhale
26,24,0.46728813648223877,NorthernRightWhale,MinkeWhale
26,24,0.4792203903198242,NorthernRightWhale,MinkeWhale
26,24,0.36533311009407043,NorthernRightWhale,MinkeWhale
26,24,0.33853575587272644,NorthernRightWhale,MinkeWhale
26,24,0.518794596195221,NorthernRightWhale,MinkeWhale
26,24,0.6113064289093018,NorthernRightWhale,MinkeWhale
26,24,0.6302450895309448,NorthernRightWhale,MinkeWhale
26,5,0.2267182469367981,NorthernRightWhale,BowheadWhale
26,1,0.3082195222377777,NorthernRightWhale,BeardedSeal
26,5,0.29986029863357544,NorthernRightWhale,BowheadWhale
26,1,0.2756863534450531,NorthernRightWhale,BeardedSeal
26,5,0.49103936553001404,NorthernRightWhale,BowheadWhale
26,28,0.49974191188812256,NorthernRightWhale,RibbonSeal
26,28,0.27643197774887085,NorthernRightWhale,RibbonSeal
26,24,0.952239990234375,NorthernRightWhale,MinkeWhale
26,33,0.5573611259460449,NorthernRightWhale,SouthernRightWhale
26,1,0.4874904453754425,NorthernRightWhale,BeardedSeal
26,1,0.4397374391555786,NorthernRightWhale,BeardedSeal
26,1,0.41288554668426514,NorthernRightWhale,BeardedSeal
26,1,0.5790414214134216,NorthernRightWhale,BeardedSeal
27,13,0.5909499526023865,PantropicalSpottedDolphin,Grampus_Risso_sDolphin
27,13,0.46275246143341064,PantropicalSpottedDolphin,Grampus_Risso_sDolphin
27,13,0.22359296679496765,PantropicalSpottedDolphin,Grampus_Risso_sDolphin
27,21,0.28693196177482605,PantropicalSpottedDolphin,LongBeaked(Pacific)CommonDolphin
27,13,0.47974303364753723,PantropicalSpottedDolphin,Grampus_Risso_sDolphin
27,10,0.2916335165500641,PantropicalSpottedDolphin,FalseKillerWhale
27,13,0.3004954159259796,PantropicalSpottedDolphin,Grampus_Risso_sDolphin
27,9,0.5294549465179443,PantropicalSpottedDolphin,DuskyDolphin
27,37,0.1578594446182251,PantropicalSpottedDolphin,StripedDolphin
27,3,0.13854365050792694,PantropicalSpottedDolphin,BottlenoseDolphin
27,23,0.18642155826091766,PantropicalSpottedDolphin,MelonHeadedWhale
27,32,0.3000926673412323,PantropicalSpottedDolphin,Short_Finned(Pacific)PilotWhale
27,32,0.291827917098999,PantropicalSpottedDolphin,Short_Finned(Pacific)PilotWhale
27,32,0.36804312467575073,PantropicalSpottedDolphin,Short_Finned(Pacific)PilotWhale
27,35,0.49231988191604614,PantropicalSpottedDolphin,SpinnerDolphin
27,35,0.5519485473632812,PantropicalSpottedDolphin,SpinnerDolphin
27,35,0.5502051711082458,PantropicalSpottedDolphin,SpinnerDolphin
27,35,0.8454218506813049,PantropicalSpottedDolphin,SpinnerDolphin
27,35,0.2732406556606293,PantropicalSpottedDolphin,SpinnerDolphin
27,35,0.3228358030319214,PantropicalSpottedDolphin,SpinnerDolphin
27,35,0.38267946243286133,PantropicalSpottedDolphin,SpinnerDolphin
27,35,0.3605806231498718,PantropicalSpottedDolphin,SpinnerDolphin
27,32,0.45003482699394226,PantropicalSpottedDolphin,Short_Finned(Pacific)PilotWhale
27,35,0.548696756362915,PantropicalSpottedDolphin,SpinnerDolphin
27,35,0.705592930316925,PantropicalSpottedDolphin,SpinnerDolphin
27,42,0.9968498349189758,PantropicalSpottedDolphin,White_beakedDolphin
27,42,0.9454150199890137,PantropicalSpottedDolphin,White_beakedDolphin
27,42,0.876335084438324,PantropicalSpottedDolphin,White_beakedDolphin
27,35,0.6788449883460999,PantropicalSpottedDolphin,SpinnerDolphin
27,32,0.43727022409439087,PantropicalSpottedDolphin,Short_Finned(Pacific)PilotWhale
27,35,0.30646663904190063,PantropicalSpottedDolphin,SpinnerDolphin
27,25,0.4549424946308136,PantropicalSpottedDolphin,Narwhal
27,25,0.4335344135761261,PantropicalSpottedDolphin,Narwhal
27,25,0.4065089523792267,PantropicalSpottedDolphin,Narwhal
28,30,0.26654472947120667,RibbonSeal,RossSeal
28,16,0.2658308744430542,RibbonSeal,HarpSeal
29,25,0.6023702025413513,RingedSeal,Narwhal
29,40,0.6000356078147888,RingedSeal,WeddellSeal
29,40,0.416336327791214,RingedSeal,WeddellSeal
29,40,0.8362572193145752,RingedSeal,WeddellSeal
30,28,0.27986758947372437,RossSeal,RibbonSeal
30,33,0.39644402265548706,RossSeal,SouthernRightWhale
30,20,0.8851253390312195,RossSeal,LeopardSeal
30,20,0.8860673904418945,RossSeal,LeopardSeal
30,28,0.4832383096218109,RossSeal,RibbonSeal
30,1,0.5756975412368774,RossSeal,BeardedSeal
30,2,0.31342533230781555,RossSeal,Beluga_WhiteWhale
30,2,0.25852474570274353,RossSeal,Beluga_WhiteWhale
30,1,0.570196807384491,RossSeal,BeardedSeal
30,1,0.3902837038040161,RossSeal,BeardedSeal
30,1,0.6125515103340149,RossSeal,BeardedSeal
30,1,0.8877770304679871,RossSeal,BeardedSeal
31,7,0.6820946931838989,Rough_ToothedDolphin,CommonDolphin
32,21,0.8698514103889465,Short_Finned(Pacific)PilotWhale,LongBeaked(Pacific)CommonDolphin
32,21,0.5106025338172913,Short_Finned(Pacific)PilotWhale,LongBeaked(Pacific)CommonDolphin
32,3,0.14134900271892548,Short_Finned(Pacific)PilotWhale,BottlenoseDolphin
32,0,0.5318999886512756,Short_Finned(Pacific)PilotWhale,AtlanticSpottedDolphin
32,2,0.2770262062549591,Short_Finned(Pacific)PilotWhale,Beluga_WhiteWhale
32,27,0.4699825048446655,Short_Finned(Pacific)PilotWhale,PantropicalSpottedDolphin
32,27,0.4029780924320221,Short_Finned(Pacific)PilotWhale,PantropicalSpottedDolphin
32,27,0.7023267149925232,Short_Finned(Pacific)PilotWhale,PantropicalSpottedDolphin
32,27,0.5135000944137573,Short_Finned(Pacific)PilotWhale,PantropicalSpottedDolphin
32,27,0.7235382199287415,Short_Finned(Pacific)PilotWhale,PantropicalSpottedDolphin
32,27,0.5622631311416626,Short_Finned(Pacific)PilotWhale,PantropicalSpottedDolphin
32,27,0.7557216882705688,Short_Finned(Pacific)PilotWhale,PantropicalSpottedDolphin
32,27,0.5063913464546204,Short_Finned(Pacific)PilotWhale,PantropicalSpottedDolphin
32,27,0.4641757905483246,Short_Finned(Pacific)PilotWhale,PantropicalSpottedDolphin
32,27,0.501355767250061,Short_Finned(Pacific)PilotWhale,PantropicalSpottedDolphin
32,27,0.5220054388046265,Short_Finned(Pacific)PilotWhale,PantropicalSpottedDolphin
32,27,0.421890527009964,Short_Finned(Pacific)PilotWhale,PantropicalSpottedDolphin
32,27,0.8077700734138489,Short_Finned(Pacific)PilotWhale,PantropicalSpottedDolphin
32,27,0.6732449531555176,Short_Finned(Pacific)PilotWhale,PantropicalSpottedDolphin
32,27,0.5530383586883545,Short_Finned(Pacific)PilotWhale,PantropicalSpottedDolphin
32,37,0.3400396704673767,Short_Finned(Pacific)PilotWhale,StripedDolphin
32,23,0.523551881313324,Short_Finned(Pacific)PilotWhale,MelonHeadedWhale
32,23,0.4416321814060211,Short_Finned(Pacific)PilotWhale,MelonHeadedWhale
32,23,0.6401627063751221,Short_Finned(Pacific)PilotWhale,MelonHeadedWhale
32,23,0.582770824432373,Short_Finned(Pacific)PilotWhale,MelonHeadedWhale
32,23,0.49759164452552795,Short_Finned(Pacific)PilotWhale,MelonHeadedWhale
32,23,0.43020936846733093,Short_Finned(Pacific)PilotWhale,MelonHeadedWhale
32,42,0.5435822010040283,Short_Finned(Pacific)PilotWhale,White_beakedDolphin
32,35,0.36821821331977844,Short_Finned(Pacific)PilotWhale,SpinnerDolphin
32,35,0.47332605719566345,Short_Finned(Pacific)PilotWhale,SpinnerDolphin
32,37,0.21896299719810486,Short_Finned(Pacific)PilotWhale,StripedDolphin
32,31,0.2742334306240082,Short_Finned(Pacific)PilotWhale,Rough_ToothedDolphin
32,37,0.2637646496295929,Short_Finned(Pacific)PilotWhale,StripedDolphin
32,37,0.39632517099380493,Short_Finned(Pacific)PilotWhale,StripedDolphin
34,21,0.39979708194732666,SpermWhale,LongBeaked(Pacific)CommonDolphin
34,31,0.18460199236869812,SpermWhale,Rough_ToothedDolphin
34,37,0.25747355818748474,SpermWhale,StripedDolphin
34,13,0.5513595938682556,SpermWhale,Grampus_Risso_sDolphin
34,3,0.35713598132133484,SpermWhale,BottlenoseDolphin
34,13,0.41877058148384094,SpermWhale,Grampus_Risso_sDolphin
34,13,0.45842650532722473,SpermWhale,Grampus_Risso_sDolphin
34,42,0.2539953291416168,SpermWhale,White_beakedDolphin
34,13,0.5292227268218994,SpermWhale,Grampus_Risso_sDolphin
34,13,0.4841841757297516,SpermWhale,Grampus_Risso_sDolphin
34,40,0.6524991393089294,SpermWhale,WeddellSeal
34,42,0.8154082894325256,SpermWhale,White_beakedDolphin
34,37,0.24777063727378845,SpermWhale,StripedDolphin
34,22,0.2945850193500519,SpermWhale,Long_FinnedPilotWhale
34,22,0.20961441099643707,SpermWhale,Long_FinnedPilotWhale
34,21,0.5721447467803955,SpermWhale,LongBeaked(Pacific)CommonDolphin
34,21,0.5621222853660583,SpermWhale,LongBeaked(Pacific)CommonDolphin
34,21,0.40049564838409424,SpermWhale,LongBeaked(Pacific)CommonDolphin
34,1,0.3937857747077942,SpermWhale,BeardedSeal
34,5,0.5650185346603394,SpermWhale,BowheadWhale
34,22,0.875331461429596,SpermWhale,Long_FinnedPilotWhale
34,22,0.9385721683502197,SpermWhale,Long_FinnedPilotWhale
34,22,0.4726298451423645,SpermWhale,Long_FinnedPilotWhale
34,12,0.5308644771575928,SpermWhale,Fraser_sDolphin
34,22,0.4818006455898285,SpermWhale,Long_FinnedPilotWhale
34,22,0.3822004497051239,SpermWhale,Long_FinnedPilotWhale
34,22,0.4679553508758545,SpermWhale,Long_FinnedPilotWhale
34,22,0.5502948760986328,SpermWhale,Long_FinnedPilotWhale
34,22,0.49535709619522095,SpermWhale,Long_FinnedPilotWhale
34,22,0.9083929061889648,SpermWhale,Long_FinnedPilotWhale
34,22,0.8038564920425415,SpermWhale,Long_FinnedPilotWhale
34,22,0.6522862911224365,SpermWhale,Long_FinnedPilotWhale
34,22,0.6467911601066589,SpermWhale,Long_FinnedPilotWhale
34,22,0.6718991994857788,SpermWhale,Long_FinnedPilotWhale
34,3,0.22312024235725403,SpermWhale,BottlenoseDolphin
34,22,0.59148770570755,SpermWhale,Long_FinnedPilotWhale
34,27,0.5739842653274536,SpermWhale,PantropicalSpottedDolphin
34,32,0.5502215027809143,SpermWhale,Short_Finned(Pacific)PilotWhale
34,12,0.5162870287895203,SpermWhale,Fraser_sDolphin
34,32,0.4312690496444702,SpermWhale,Short_Finned(Pacific)PilotWhale
34,32,0.5907061696052551,SpermWhale,Short_Finned(Pacific)PilotWhale
34,32,0.588284969329834,SpermWhale,Short_Finned(Pacific)PilotWhale
34,32,0.49335047602653503,SpermWhale,Short_Finned(Pacific)PilotWhale
34,40,0.5065242052078247,SpermWhale,WeddellSeal
34,8,0.8549016714096069,SpermWhale,Dall_sPorpoise
34,8,0.8455142378807068,SpermWhale,Dall_sPorpoise
34,8,0.818335235118866,SpermWhale,Dall_sPorpoise
34,8,0.8255141377449036,SpermWhale,Dall_sPorpoise
34,8,0.821338951587677,SpermWhale,Dall_sPorpoise
34,8,0.8133901953697205,SpermWhale,Dall_sPorpoise
34,8,0.39595434069633484,SpermWhale,Dall_sPorpoise
34,23,0.3449402153491974,SpermWhale,MelonHeadedWhale
34,40,0.7802607417106628,SpermWhale,WeddellSeal
34,32,0.863178551197052,SpermWhale,Short_Finned(Pacific)PilotWhale
34,23,0.7128491401672363,SpermWhale,MelonHeadedWhale
34,23,0.252908855676651,SpermWhale,MelonHeadedWhale
34,4,0.38190287351608276,SpermWhale,Boutu_AmazonRiverDolphin
34,4,0.596204400062561,SpermWhale,Boutu_AmazonRiverDolphin
34,22,0.3456932604312897,SpermWhale,Long_FinnedPilotWhale
34,37,0.4331594705581665,SpermWhale,StripedDolphin
34,37,0.3313201069831848,SpermWhale,StripedDolphin
34,22,0.37294235825538635,SpermWhale,Long_FinnedPilotWhale
34,13,0.5116802453994751,SpermWhale,Grampus_Risso_sDolphin
34,13,0.525998055934906,SpermWhale,Grampus_Risso_sDolphin
34,37,0.614004909992218,SpermWhale,StripedDolphin
34,6,0.45618703961372375,SpermWhale,ClymeneDolphin
34,6,0.34997063875198364,SpermWhale,ClymeneDolphin
34,31,0.2252589464187622,SpermWhale,Rough_ToothedDolphin
34,31,0.7929739356040955,SpermWhale,Rough_ToothedDolphin
34,6,0.29610586166381836,SpermWhale,ClymeneDolphin
34,31,0.7051013708114624,SpermWhale,Rough_ToothedDolphin
34,31,0.38010022044181824,SpermWhale,Rough_ToothedDolphin
34,31,0.5579624772071838,SpermWhale,Rough_ToothedDolphin
34,31,0.8531700968742371,SpermWhale,Rough_ToothedDolphin
34,31,0.6738215684890747,SpermWhale,Rough_ToothedDolphin
34,6,0.4763810336589813,SpermWhale,ClymeneDolphin
34,6,0.6095334887504578,SpermWhale,ClymeneDolphin
34,6,0.512021541595459,SpermWhale,ClymeneDolphin
34,6,0.5454691648483276,SpermWhale,ClymeneDolphin
34,6,0.5449182987213135,SpermWhale,ClymeneDolphin
34,32,0.48259788751602173,SpermWhale,Short_Finned(Pacific)PilotWhale
34,40,0.7010075449943542,SpermWhale,WeddellSeal
34,40,0.9245530962944031,SpermWhale,WeddellSeal
34,27,0.9374281764030457,SpermWhale,PantropicalSpottedDolphin
34,12,0.4623446762561798,SpermWhale,Fraser_sDolphin
34,40,0.9027621746063232,SpermWhale,WeddellSeal
34,7,0.9577362537384033,SpermWhale,CommonDolphin
34,4,0.9696928262710571,SpermWhale,Boutu_AmazonRiverDolphin
34,23,0.8157199621200562,SpermWhale,MelonHeadedWhale
34,23,0.3718952536582947,SpermWhale,MelonHeadedWhale
34,23,0.47706717252731323,SpermWhale,MelonHeadedWhale
34,23,0.5077921152114868,SpermWhale,MelonHeadedWhale
34,23,0.632442057132721,SpermWhale,MelonHeadedWhale
34,23,0.5496357679367065,SpermWhale,MelonHeadedWhale
34,23,0.42005443572998047,SpermWhale,MelonHeadedWhale
34,23,0.39295652508735657,SpermWhale,MelonHeadedWhale
34,38,0.510260283946991,SpermWhale,TucuxiDolphin
34,27,0.24707099795341492,SpermWhale,PantropicalSpottedDolphin
34,27,0.5839051008224487,SpermWhale,PantropicalSpottedDolphin
34,27,0.7171543836593628,SpermWhale,PantropicalSpottedDolphin
34,27,0.5777994394302368,SpermWhale,PantropicalSpottedDolphin
34,27,0.5320343971252441,SpermWhale,PantropicalSpottedDolphin
34,27,0.49948495626449585,SpermWhale,PantropicalSpottedDolphin
34,27,0.5062779784202576,SpermWhale,PantropicalSpottedDolphin
34,27,0.26135990023612976,SpermWhale,PantropicalSpottedDolphin
34,3,0.3855462670326233,SpermWhale,BottlenoseDolphin
34,27,0.6844752430915833,SpermWhale,PantropicalSpottedDolphin
34,37,0.16812174022197723,SpermWhale,StripedDolphin
34,27,0.35478195548057556,SpermWhale,PantropicalSpottedDolphin
34,27,0.6415403485298157,SpermWhale,PantropicalSpottedDolphin
34,27,0.6158347129821777,SpermWhale,PantropicalSpottedDolphin
34,27,0.9129745960235596,SpermWhale,PantropicalSpottedDolphin
34,27,0.9033870100975037,SpermWhale,PantropicalSpottedDolphin
34,23,0.5513553619384766,SpermWhale,MelonHeadedWhale
34,23,0.6510154008865356,SpermWhale,MelonHeadedWhale
34,7,0.2594805955886841,SpermWhale,CommonDolphin
34,40,0.9999159574508667,SpermWhale,WeddellSeal
35,42,0.5083395838737488,SpinnerDolphin,White_beakedDolphin
35,42,0.4592084586620331,SpinnerDolphin,White_beakedDolphin
35,32,0.4328994154930115,SpinnerDolphin,Short_Finned(Pacific)PilotWhale
35,32,0.48406335711479187,SpinnerDolphin,Short_Finned(Pacific)PilotWhale
35,32,0.43546468019485474,SpinnerDolphin,Short_Finned(Pacific)PilotWhale
35,3,0.3415558338165283,SpinnerDolphin,BottlenoseDolphin
35,3,0.3064558506011963,SpinnerDolphin,BottlenoseDolphin
35,7,0.41722461581230164,SpinnerDolphin,CommonDolphin
35,42,0.59918212890625,SpinnerDolphin,White_beakedDolphin
35,12,0.7987648844718933,SpinnerDolphin,Fraser_sDolphin
35,27,0.8705936074256897,SpinnerDolphin,PantropicalSpottedDolphin
35,27,0.8538074493408203,SpinnerDolphin,PantropicalSpottedDolphin
35,27,0.5248287320137024,SpinnerDolphin,PantropicalSpottedDolphin
35,32,0.5866320133209229,SpinnerDolphin,Short_Finned(Pacific)PilotWhale
35,32,0.5907061696052551,SpinnerDolphin,Short_Finned(Pacific)PilotWhale
35,32,0.5882849097251892,SpinnerDolphin,Short_Finned(Pacific)PilotWhale
35,32,0.6237398982048035,SpinnerDolphin,Short_Finned(Pacific)PilotWhale
35,32,0.7147527933120728,SpinnerDolphin,Short_Finned(Pacific)PilotWhale
35,32,0.32365962862968445,SpinnerDolphin,Short_Finned(Pacific)PilotWhale
36,42,0.14794138073921204,SpottedSeal,White_beakedDolphin
37,32,0.2679218649864197,StripedDolphin,Short_Finned(Pacific)PilotWhale
37,32,0.31971293687820435,StripedDolphin,Short_Finned(Pacific)PilotWhale
37,27,0.3497910797595978,StripedDolphin,PantropicalSpottedDolphin
37,21,0.22501862049102783,StripedDolphin,LongBeaked(Pacific)CommonDolphin
37,27,0.3169669508934021,StripedDolphin,PantropicalSpottedDolphin
37,27,0.2196882963180542,StripedDolphin,PantropicalSpottedDolphin
37,27,0.6484135389328003,StripedDolphin,PantropicalSpottedDolphin
37,27,0.5145553946495056,StripedDolphin,PantropicalSpottedDolphin
37,27,0.5614953637123108,StripedDolphin,PantropicalSpottedDolphin
37,27,0.3750755190849304,StripedDolphin,PantropicalSpottedDolphin
37,40,0.5723916292190552,StripedDolphin,WeddellSeal
37,31,0.20432454347610474,StripedDolphin,Rough_ToothedDolphin
37,31,0.6471203565597534,StripedDolphin,Rough_ToothedDolphin
37,7,0.2843018174171448,StripedDolphin,CommonDolphin
37,35,0.2684854567050934,StripedDolphin,SpinnerDolphin
37,32,0.4167197644710541,StripedDolphin,Short_Finned(Pacific)PilotWhale
37,32,0.32618215680122375,StripedDolphin,Short_Finned(Pacific)PilotWhale
37,32,0.38260960578918457,StripedDolphin,Short_Finned(Pacific)PilotWhale
37,7,0.353030264377594,StripedDolphin,CommonDolphin
37,34,0.5671325325965881,StripedDolphin,SpermWhale
37,31,0.6662840247154236,StripedDolphin,Rough_ToothedDolphin
37,2,0.1316666603088379,StripedDolphin,Beluga_WhiteWhale
37,13,0.17820142209529877,StripedDolphin,Grampus_Risso_sDolphin
37,2,0.37046128511428833,StripedDolphin,Beluga_WhiteWhale
37,31,0.627358615398407,StripedDolphin,Rough_ToothedDolphin
37,7,0.43304839730262756,StripedDolphin,CommonDolphin
37,7,0.5769785642623901,StripedDolphin,CommonDolphin
37,31,0.4276994466781616,StripedDolphin,Rough_ToothedDolphin
37,2,0.2669062316417694,StripedDolphin,Beluga_WhiteWhale
38,42,0.38690170645713806,TucuxiDolphin,White_beakedDolphin
39,30,0.8063927888870239,Walrus,RossSeal
39,28,0.3295525014400482,Walrus,RibbonSeal
39,16,0.32688283920288086,Walrus,HarpSeal
39,16,0.32586976885795593,Walrus,HarpSeal
39,5,0.4379045069217682,Walrus,BowheadWhale
39,5,0.5557032823562622,Walrus,BowheadWhale
39,2,0.23468182981014252,Walrus,Beluga_WhiteWhale
39,5,0.619023859500885,Walrus,BowheadWhale
39,5,0.4311363101005554,Walrus,BowheadWhale
39,2,0.1720999926328659,Walrus,Beluga_WhiteWhale
39,4,0.6909317374229431,Walrus,Boutu_AmazonRiverDolphin
39,1,0.6053100228309631,Walrus,BeardedSeal
39,18,0.48699551820755005,Walrus,HumpbackWhale
39,18,0.6240453720092773,Walrus,HumpbackWhale
40,4,0.9845219254493713,WeddellSeal,Boutu_AmazonRiverDolphin
40,4,0.7173267602920532,WeddellSeal,Boutu_AmazonRiverDolphin
40,42,0.3607110381126404,WeddellSeal,White_beakedDolphin
41,19,0.1226862445473671,WestIndianManatee,KillerWhale
41,19,0.1634340137243271,WestIndianManatee,KillerWhale
42,2,0.4204089343547821,White_beakedDolphin,Beluga_WhiteWhale
42,2,0.423373818397522,White_beakedDolphin,Beluga_WhiteWhale
42,2,0.22980354726314545,White_beakedDolphin,Beluga_WhiteWhale
42,2,0.3873966932296753,White_beakedDolphin,Beluga_WhiteWhale
42,32,0.44863539934158325,White_beakedDolphin,Short_Finned(Pacific)PilotWhale
42,2,0.2871130108833313,White_beakedDolphin,Beluga_WhiteWhale
42,2,0.24410636723041534,White_beakedDolphin,Beluga_WhiteWhale
42,31,0.3855891525745392,White_beakedDolphin,Rough_ToothedDolphin
42,7,0.20347988605499268,White_beakedDolphin,CommonDolphin
42,31,0.7020868062973022,White_beakedDolphin,Rough_ToothedDolphin
42,31,0.5472403764724731,White_beakedDolphin,Rough_ToothedDolphin
42,7,0.20640118420124054,White_beakedDolphin,CommonDolphin
42,31,0.2710222899913788,White_beakedDolphin,Rough_ToothedDolphin
42,31,0.6138136982917786,White_beakedDolphin,Rough_ToothedDolphin
42,31,0.5050434470176697,White_beakedDolphin,Rough_ToothedDolphin
42,27,0.35664689540863037,White_beakedDolphin,PantropicalSpottedDolphin
42,27,0.22843722999095917,White_beakedDolphin,PantropicalSpottedDolphin
42,27,0.21100953221321106,White_beakedDolphin,PantropicalSpottedDolphin
42,8,0.23650960624217987,White_beakedDolphin,Dall_sPorpoise
42,27,0.18904463946819305,White_beakedDolphin,PantropicalSpottedDolphin
42,10,0.28160253167152405,White_beakedDolphin,FalseKillerWhale
42,22,0.2922392189502716,White_beakedDolphin,Long_FinnedPilotWhale
42,27,0.7888017892837524,White_beakedDolphin,PantropicalSpottedDolphin
42,38,0.31679555773735046,White_beakedDolphin,TucuxiDolphin
42,38,0.3060968220233917,White_beakedDolphin,TucuxiDolphin
42,38,0.27304282784461975,White_beakedDolphin,TucuxiDolphin
42,38,0.27489978075027466,White_beakedDolphin,TucuxiDolphin
42,21,0.6978998184204102,White_beakedDolphin,LongBeaked(Pacific)CommonDolphin
42,37,0.4505159556865692,White_beakedDolphin,StripedDolphin
42,43,0.7581426501274109,White_beakedDolphin,White_sidedDolphin
42,43,0.6298041343688965,White_beakedDolphin,White_sidedDolphin
42,43,0.6818240880966187,White_beakedDolphin,White_sidedDolphin
42,10,0.35132133960723877,White_beakedDolphin,FalseKillerWhale
42,10,0.30836358666419983,White_beakedDolphin,FalseKillerWhale
42,43,0.5731334686279297,White_beakedDolphin,White_sidedDolphin
42,13,0.4539981484413147,White_beakedDolphin,Grampus_Risso_sDolphin
42,43,0.6349213123321533,White_beakedDolphin,White_sidedDolphin
42,43,0.8011978268623352,White_beakedDolphin,White_sidedDolphin
43,42,0.7547494769096375,White_sidedDolphin,White_beakedDolphin
43,42,0.7642305493354797,White_sidedDolphin,White_beakedDolphin
